이름,정상가,세일가,상품링크
numbuzin No.1 Pure-Full Calming Herb Toner 300ml,USD 28.00,USD 19.60 (30% OFF),https://jolse.com/product/numbuzin-no1-pure-full-calming-herb-toner-300ml/61576/category/1019/display/1/
celimax JI WOO GAE Cica BHA Blamish Toner Pad 60pcs,USD 24.00,USD 21.60 (10% OFF),https://jolse.com/product/celimax-ji-woo-gae-cica-bha-blamish-toner-pad-60pcs/55937/category/1019/display/1/
ROUND LAB 1025 Dokdo Toner 100ml,USD 15.00,USD 10.80 (28% OFF),https://jolse.com/product/round-lab-1025-dokdo-toner-100ml/52059/category/1019/display/1/
SKINFOOD Royal Honey Propolis Enrich Toner 160ml,USD 30.30,USD 21.82 (28% OFF),https://jolse.com/product/skinfood-royal-honey-propolis-enrich-toner-160ml/46937/category/1019/display/1/
SKIN1004 Madagascar Centella Toning Toner 400ml,USD 36.00,USD 25.92 (28% OFF),https://jolse.com/product/skin1004-madagascar-centella-toning-toner-400ml/37078/category/1019/display/1/
Isntree Hyaluronic Acid Toner 400ml,USD 32.20,USD 23.18 (28% OFF),https://jolse.com/product/isntree-hyaluronic-acid-toner-400ml/22569/category/1019/display/1/
WAYTOSKIN Cica Deca Tica Balancing Toner 400ml,USD 29.00,USD 21.75 (25% OFF),https://jolse.com/product/waytoskin-cica-deca-tica-balancing-toner-400ml/105772/category/1019/display/1/
Isntree Yam Root Vegan Barrier Milky Toner 200ml,USD 24.40,USD 19.52 (20% OFF),https://jolse.com/product/isntree-yam-root-vegan-barrier-milky-toner-200ml/104587/category/1019/display/1/
COSRX One Step Original Peptide Collagen Lifting Glow Pad 100ea,USD 33.00,USD 23.10 (30% OFF),https://jolse.com/product/cosrx-one-step-original-peptide-collagen-lifting-glow-pad-100ea/102437/category/1019/display/1/
numbuzin No.3 Bifida Bakuchiol Exfoliating Toner Pads 70ea,USD 27.00,USD 18.90 (30% OFF),https://jolse.com/product/numbuzin-no3-bifida-bakuchiol-exfoliating-toner-pads-70ea/102335/category/1019/display/1/
numbuzin No.3 Bifida Bakuchiol Zero Pore Milky Toner Light 200ml,USD 25.00,USD 17.50 (30% OFF),https://jolse.com/product/numbuzin-no3-bifida-bakuchiol-zero-pore-milky-toner-light-200ml/102333/category/1019/display/1/
numbuzin No.3 Bifida Bakuchiol 50 Zero Pore Milky Toner 200ml,USD 25.00,USD 17.50 (30% OFF),https://jolse.com/product/numbuzin-no3-bifida-bakuchiol-50-zero-pore-milky-toner-200ml/102331/category/1019/display/1/
SKIN1004 Madagascar Centella Hyalu-Teca Glass Skin Milk 210ml,USD 25.00,USD 18.00 (28% OFF),https://jolse.com/product/skin1004-madagascar-centella-hyalu-teca-glass-skin-milk-210ml/101338/category/1019/display/1/
ROUND LAB Camellia Deep Collagen PDRN Milky Toner 150ml,USD 29.00,USD 21.00 (28% OFF),https://jolse.com/product/round-lab-camellia-deep-collagen-pdrn-milky-toner-150ml/97003/category/1019/display/1/
Wellage Real Hyaluronic Blue Toner Pad 70ea,USD 24.00,USD 16.80 (30% OFF),https://jolse.com/product/wellage-real-hyaluronic-blue-toner-pad-70ea/96252/category/1019/display/1/
JMsolution Marine Luminous Pearl Toner Pads 100ea/140ml,USD 20.00,USD 17.00 (15% OFF),https://jolse.com/product/jmsolution-marine-luminous-pearl-toner-pads-100ea140ml/95764/category/1019/display/1/
One-day's you Handy Help Me Eco-Intense Ceramide Ampoule Pad 18ml (10Pads),USD 4.00,USD 3.12 (22% OFF),https://jolse.com/product/one-days-you-handy-help-me-eco-intense-ceramide-ampoule-pad-18ml-10pad/93588/category/1019/display/1/
Beauty Of Joseon Glow Replenishing Rice Milk 150ml,USD 22.00,USD 18.70 (15% OFF),https://jolse.com/product/beauty-of-joseon-glow-replenishing-rice-milk-150ml/93482/category/1019/display/1/
MEDI PEEL Peptide 9 Volume Bio Tox Trial Kit,USD 25.00,USD 16.50 (34% OFF),https://jolse.com/product/medi-peel-peptide-9-volume-bio-tox-trial-kit/92515/category/1019/display/1/
MEDI PEEL Peptide 9 Volume Bio Tox Toner Pro 250ml,USD 45.00,USD 20.70 (54% OFF),https://jolse.com/product/medi-peel-peptide-9-volume-bio-tox-toner-pro-250ml/92495/category/1019/display/1/
By Wishtrend Green Tea & Ceramide Calming Toner Pad 190ml (70 Pads),USD 32.00,USD 23.50 (27% OFF),https://jolse.com/product/by-wishtrend-green-tea-ceramide-calming-toner-pad-190ml-70-pads/91430/category/1019/display/1/
Anua Azelaic 10 Hyaluron Redness Soothing Pad 230ml (90ea),USD 34.00,USD 27.20 (20% OFF),https://jolse.com/product/anua-azelaic-10-hyaluron-redness-soothing-pad-230ml-90ea/89737/category/1019/display/1/
FARMSTAY RICE & PEPTIDE MOISTURE TONER PAD 70ea,USD 25.00,USD 18.00 (28% OFF),https://jolse.com/product/farmstay-rice-peptide-moisture-toner-pad-70ea/88773/category/1019/display/1/
Elishacoy Kombucha Gyeol-Biome Mist 100ml,USD 25.00,USD 17.50 (30% OFF),https://jolse.com/product/elishacoy-kombucha-gyeol-biome-mist-100ml/88735/category/1019/display/1/
"Dear, Klairs EGF Blue Calming Toner Pad 150ml (60 Pads)",USD 26.00,USD 18.20 (30% OFF),https://jolse.com/product/dear-klairs-egf-blue-calming-toner-pad-150ml-60-pads/88682/category/1019/display/1/
Omitted Fresh Lime Dewy & Pore Purifying Toner Pad 160ml (70pads),USD 26.00,USD 21.32 (18% OFF),https://jolse.com/product/omitted-fresh-lime-dewy-pore-purifying-toner-pad-160ml-70pads/86564/category/1019/display/1/
AXIS-Y Daily Purifying Treatment Toner 80ml,USD 15.00,USD 12.00 (20% OFF),https://jolse.com/product/axis-y-daily-purifying-treatment-toner-80ml/86077/category/1019/display/1/
I'm from Black Rice Toner 150ml,USD 28.00,USD 18.20 (35% OFF),https://jolse.com/product/im-from-black-rice-toner-150ml/85968/category/1019/display/1/
Abib Green LHA Pore Pad Clear Touch 210ml,USD 28.00,USD 23.80 (15% OFF),https://jolse.com/product/abib-green-lha-pore-pad-clear-touch-210ml/79133/category/1019/display/1/
APLB Glutathione Niacinamide Toner Pad 60pads,USD 16.40,USD 13.94 (15% OFF),https://jolse.com/product/aplb-glutathione-niacinamide-toner-pad-60pads/78984/category/1019/display/1/
S.NATURE Aqua Oasis Panthe-Allan Calming Pad 60pcs,USD 23.10,USD 18.48 (20% OFF),https://jolse.com/product/snature-aqua-oasis-panthe-allan-calming-pad-60pcs/78566/category/1019/display/1/
S.NATURE Aqua Oasis Toner 300ml,USD 27.00,USD 18.90 (30% OFF),https://jolse.com/product/snature-aqua-oasis-toner-300ml/75365/category/1019/display/1/
celimax The Real Noni Energy Ampoule Mist 50ml,USD 20.00,USD 18.00 (10% OFF),https://jolse.com/product/celimax-the-real-noni-energy-ampoule-mist-50ml/74885/category/1019/display/1/
mixsoon Bean Toner 100ml,USD 16.00,USD 10.88 (32% OFF),https://jolse.com/product/mixsoon-bean-toner-100ml/72608/category/1019/display/1/
numbuzin No.5+ Glutathione Vitamin Concentrated Toner 200ml,USD 25.00,USD 17.50 (30% OFF),https://jolse.com/product/numbuzin-no5-glutathione-vitamin-concentrated-toner-200ml/71732/category/1019/display/1/
Abib Heartleaf Spot Pad Calming Touch 80ea,USD 25.00,USD 21.25 (15% OFF),https://jolse.com/product/abib-heartleaf-spot-pad-calming-touch-80ea/68840/category/1019/display/1/
"Dear, Klairs Supple Preparation Unscented Toner 180ml",USD 25.00,USD 17.50 (30% OFF),https://jolse.com/product/dear-klairs-supple-preparation-unscented-toner-180ml/67513/category/1019/display/1/
"Dear, Klairs Supple Preparation Facial Toner 180ml",USD 25.00,USD 18.75 (25% OFF),https://jolse.com/product/dear-klairs-supple-preparation-facial-toner-180ml/67512/category/1019/display/1/
Anua Heartleaf 77% Soothing Toner 250ml,USD 31.00,USD 24.80 (20% OFF),https://jolse.com/product/anua-heartleaf-77-soothing-toner-250ml/54621/category/1019/display/1/
NEOGEN Dermalogy Real Ferment Micro Toner 150ml,USD 23.00,USD 19.55 (15% OFF),https://jolse.com/product/neogen-dermalogy-real-ferment-micro-toner-150ml/53935/category/1019/display/1/
